section,Gadya
1.,श्रम विभाजन और जाति प्रथा
2.,विष के दाँत
3.,भारत से हम क्या सीखें
4.,नाखून क्यों बढ़ते हैं
5.,नागरी लिपि
6.,बहादुर
7.,निराला का मूल्यांकन
8.,जित-जित में निरखत हौं
9.,अभिन्यों
10.,मछली
11.,नौबतखाने में इबादत
12.,शिक्षा और संस्कृति
13.,The

section,Kavya Khand
1.,राम बिनु व्यर्थे जग जन्मा
2.,प्रेम-अयन श्री राधिके
3.,अब सधू सनेह को मारग है
4.,स्वदेशी
5.,भारती माता
6.,जनमंत्र का जन्म
7.,वीरव्रतम
8.,एक वृक्ष की हत्या
9.,हमारी नींद
10.,अक्षर-ज्ञान
11.,लौटकर आऊँगा फिर
12.,मेरे बिना तुम प्रभु
